-- MySQL dump 10.13  Distrib 8.0.43, for Linux (aarch64)
--
-- Host: localhost    Database: trade
-- ------------------------------------------------------
-- Server version	8.0.43

/*!40101 SET @OLD_CHARACTER_SET_CLIENT=@@CHARACTER_SET_CLIENT */;
/*!40101 SET @OLD_CHARACTER_SET_RESULTS=@@CHARACTER_SET_RESULTS */;
/*!40101 SET @OLD_COLLATION_CONNECTION=@@COLLATION_CONNECTION */;
/*!50503 SET NAMES utf8mb4 */;
/*!40103 SET @OLD_TIME_ZONE=@@TIME_ZONE */;
/*!40103 SET TIME_ZONE='+00:00' */;
/*!40014 SET @OLD_UNIQUE_CHECKS=@@UNIQUE_CHECKS, UNIQUE_CHECKS=0 */;
/*!40014 SET @OLD_FOREIGN_KEY_CHECKS=@@FOREIGN_KEY_CHECKS, FOREIGN_KEY_CHECKS=0 */;
/*!40101 SET @OLD_SQL_MODE=@@SQL_MODE, SQL_MODE='NO_AUTO_VALUE_ON_ZERO' */;
/*!40111 SET @OLD_SQL_NOTES=@@SQL_NOTES, SQL_NOTES=0 */;

--
-- Dumping data for table `barrage`
--

LOCK TABLES `barrage` WRITE;
/*!40000 ALTER TABLE `barrage` DISABLE KEYS */;
/*!40000 ALTER TABLE `barrage` ENABLE KEYS */;
UNLOCK TABLES;

--
-- Dumping data for table `comment`
--

LOCK TABLES `comment` WRITE;
/*!40000 ALTER TABLE `comment` DISABLE KEYS */;
/*!40000 ALTER TABLE `comment` ENABLE KEYS */;
UNLOCK TABLES;

--
-- Dumping data for table `commodity`
--

LOCK TABLES `commodity` WRITE;
/*!40000 ALTER TABLE `commodity` DISABLE KEYS */;
INSERT INTO `commodity` VALUES (1967488065907740674,'456','456','http://localhost:8102/api/file/local/user_avatar/1967469326969688065/mrGyTEIq-a163ebef61445f63.jpg','全新',1967474615315943426,1,1967469326969688065,1,1,46456.00,18,1,'2025-09-15 07:18:03','2025-09-16 23:42:39',0,NULL,NULL,NULL),(1967956691750400001,'王者荣耀','111','http://localhost:8102/api/file/local/user_avatar/1967923675483168769/1JJjrNHB-apple-ios-svgrepo-com.svg','全新',1967899536701526017,1,1967923675483168769,1,1,12.00,2,0,'2025-09-16 14:20:12','2025-09-16 14:20:32',0,NULL,NULL,NULL),(1967956832997781505,'123123','123132','','全新',1967474615315943426,2,1967923675483168769,1,1,123123.00,3,0,'2025-09-16 14:20:46','2025-09-16 14:21:15',0,NULL,NULL,NULL),(1967957448226680833,'王者荣耀100星王者','王者荣耀100星王者','','全新',1967474615315943426,1,1967469326969688065,1,0,1000.00,4,1,'2025-09-16 14:23:13','2025-09-16 14:23:46',0,NULL,NULL,NULL),(1968088638755487746,'456456','456465456','','全新',1967474615315943426,1,1968088237431898114,1,1,456.00,0,0,'2025-09-16 23:04:31','2025-09-16 23:04:31',0,NULL,NULL,NULL),(1968097621595701250,'456','456456','http://localhost:8102/api/file/local/user_avatar/1967469326969688065/8gJoJ7KL-xianyu_iphone_search-2025-07-12T06-38-33-233Z.png','全新',1967899536701526017,1,1967469326969688065,1,1,456564.00,0,0,'2025-09-16 23:40:13','2025-09-16 23:40:13',0,NULL,NULL,NULL),(1970768655402725377,'123','123213','',NULL,1967474615315943426,2,1967469326969688065,1,0,21.00,1,0,'2025-09-24 08:33:57','2025-09-24 08:34:03',0,0,'2025-09-24 16:36:28','2025-09-24 17:36:28'),(1971397742970302466,'56+','65+65+','',NULL,1967474615315943426,2,1967469326969688065,1,0,20.00,2,0,'2025-09-26 02:13:43','2025-09-26 02:23:21',0,1,'2025-09-26 10:23:27','2025-09-26 12:23:27');
/*!40000 ALTER TABLE `commodity` ENABLE KEYS */;
UNLOCK TABLES;

--
-- Dumping data for table `commodity_order`
--

LOCK TABLES `commodity_order` WRITE;
/*!40000 ALTER TABLE `commodity_order` DISABLE KEYS */;
INSERT INTO `commodity_order` VALUES (1967923736376074242,1967923675483168769,1967469326969688065,1967488065907740674,'11',1,46456.00,0,0,NULL,NULL,0,NULL,'2025-09-16 12:09:15','2025-09-16 12:09:41',1,NULL,NULL,NULL,NULL,NULL),(1967957600039514113,1967923675483168769,1967469326969688065,1967957448226680833,'',1,1000.00,1,1,'账号 123456 密码123456','2025-09-16 22:24:27',1,'2025-09-16 22:24:37','2025-09-16 14:23:49','2025-09-16 14:23:49',0,NULL,NULL,NULL,NULL,NULL),(1970769286414790658,1967469326969688065,NULL,1970768655402725377,'',1,21.00,1,0,NULL,NULL,0,NULL,'2025-09-24 08:36:27','2025-09-24 08:36:27',0,1,'HOUR','2025-09-24 16:36:28','2025-09-24 17:36:28',2),(1971400188933275649,1967469326969688065,1967469326969688065,1971397742970302466,'',1,40.00,1,0,NULL,NULL,0,NULL,'2025-09-26 02:23:26','2025-09-26 02:23:26',0,2,'HOUR','2025-09-26 10:23:27','2025-09-26 12:23:27',2);
/*!40000 ALTER TABLE `commodity_order` ENABLE KEYS */;
UNLOCK TABLES;

--
-- Dumping data for table `commodity_score`
--

LOCK TABLES `commodity_score` WRITE;
/*!40000 ALTER TABLE `commodity_score` DISABLE KEYS */;
INSERT INTO `commodity_score` VALUES (1967509283872460802,1967488065907740674,1967469326969688065,4,'2025-09-15 08:42:22','2025-09-15 08:42:22',0,NULL),(1970769234808074241,1970768655402725377,1967469326969688065,3,'2025-09-24 08:36:15','2025-09-24 08:36:15',0,'435453'),(1971398780720791553,1971397742970302466,1967469326969688065,3,'2025-09-26 02:17:50','2025-09-26 02:17:50',0,'24254452');
/*!40000 ALTER TABLE `commodity_score` ENABLE KEYS */;
UNLOCK TABLES;

--
-- Dumping data for table `commodity_type`
--

LOCK TABLES `commodity_type` WRITE;
/*!40000 ALTER TABLE `commodity_type` DISABLE KEYS */;
INSERT INTO `commodity_type` VALUES (1967474615315943426,'手机','2025-09-15 06:24:36','2025-09-15 06:24:36',0),(1967899536701526017,'lol','2025-09-16 10:33:06','2025-09-16 10:33:06',0);
/*!40000 ALTER TABLE `commodity_type` ENABLE KEYS */;
UNLOCK TABLES;

--
-- Dumping data for table `notice`
--

LOCK TABLES `notice` WRITE;
/*!40000 ALTER TABLE `notice` DISABLE KEYS */;
INSERT INTO `notice` VALUES (1967474664615792642,'111321321','132123213231321',1967472226903085000,'2025-09-15 06:24:48','2025-09-15 06:24:48',0);
/*!40000 ALTER TABLE `notice` ENABLE KEYS */;
UNLOCK TABLES;

--
-- Dumping data for table `post`
--

LOCK TABLES `post` WRITE;
/*!40000 ALTER TABLE `post` DISABLE KEYS */;
INSERT INTO `post` VALUES (1967474747444908034,'123312231','123123231132','[\"java\"]',0,0,1967472226903085057,'2025-09-15 06:25:08','2025-09-15 06:25:08',0);
/*!40000 ALTER TABLE `post` ENABLE KEYS */;
UNLOCK TABLES;

--
-- Dumping data for table `post_favour`
--

LOCK TABLES `post_favour` WRITE;
/*!40000 ALTER TABLE `post_favour` DISABLE KEYS */;
/*!40000 ALTER TABLE `post_favour` ENABLE KEYS */;
UNLOCK TABLES;

--
-- Dumping data for table `post_thumb`
--

LOCK TABLES `post_thumb` WRITE;
/*!40000 ALTER TABLE `post_thumb` DISABLE KEYS */;
/*!40000 ALTER TABLE `post_thumb` ENABLE KEYS */;
UNLOCK TABLES;

--
-- Dumping data for table `private_message`
--

LOCK TABLES `private_message` WRITE;
/*!40000 ALTER TABLE `private_message` DISABLE KEYS */;
INSERT INTO `private_message` VALUES (1967474490111774722,1967472226903085057,1967469326969688065,'1\n',0,'admin',0,'2025-09-15 06:24:07','2025-09-15 06:24:07',0);
/*!40000 ALTER TABLE `private_message` ENABLE KEYS */;
UNLOCK TABLES;

--
-- Dumping data for table `user`
--

LOCK TABLES `user` WRITE;
/*!40000 ALTER TABLE `user` DISABLE KEYS */;
INSERT INTO `user` VALUES (1967469326969688065,'xiaobaitiao','01059c753223cd004dd34f0e5e140ba2',NULL,NULL,NULL,NULL,NULL,'user',NULL,1,1,2,2,0,457584.00,'2025-09-15 06:03:36','2025-09-15 06:03:36','2025-09-16 14:22:29',0,NULL,NULL),(1967472226903085057,'xiaobai','01059c753223cd004dd34f0e5e140ba2',NULL,NULL,NULL,NULL,NULL,'admin',NULL,0,0,0,0,0,0.00,'2025-09-15 06:15:07','2025-09-15 06:15:07','2025-09-15 06:15:20',0,NULL,NULL),(1967923675483168769,'usertest1','01059c753223cd004dd34f0e5e140ba2',NULL,NULL,NULL,NULL,NULL,'user',NULL,0,1,0,2,0,19858184.00,'2025-09-16 12:09:01','2025-09-16 12:09:01','2025-09-24 08:37:01',0,NULL,NULL),(1968088237431898114,'12345678','01059c753223cd004dd34f0e5e140ba2',NULL,NULL,NULL,NULL,NULL,'user',NULL,1,1,2,2,0,0.00,'2025-09-16 23:02:55','2025-09-16 23:02:55','2025-09-16 23:04:08',0,NULL,NULL);
/*!40000 ALTER TABLE `user` ENABLE KEYS */;
UNLOCK TABLES;

--
-- Dumping data for table `user_ai_message`
--

LOCK TABLES `user_ai_message` WRITE;
/*!40000 ALTER TABLE `user_ai_message` DISABLE KEYS */;
/*!40000 ALTER TABLE `user_ai_message` ENABLE KEYS */;
UNLOCK TABLES;

--
-- Dumping data for table `user_commodity_favorites`
--

LOCK TABLES `user_commodity_favorites` WRITE;
/*!40000 ALTER TABLE `user_commodity_favorites` DISABLE KEYS */;
INSERT INTO `user_commodity_favorites` VALUES (1967899201371115522,1967469326969688065,1967488065907740674,1,NULL,'2025-09-16 10:31:46','2025-09-16 10:31:46',0),(1967957478014627842,1967469326969688065,1967957448226680833,1,NULL,'2025-09-16 14:23:20','2025-09-16 14:23:20',0);
/*!40000 ALTER TABLE `user_commodity_favorites` ENABLE KEYS */;
UNLOCK TABLES;

--
-- Dumping data for table `user_recharge_request`
--

LOCK TABLES `user_recharge_request` WRITE;
/*!40000 ALTER TABLE `user_recharge_request` DISABLE KEYS */;
INSERT INTO `user_recharge_request` VALUES (1971400103977648129,1967469326969688065,456645.00,'WECHAT',NULL,NULL,1,1967472226903085057,NULL,'2025-09-26 10:24:00','2025-09-26 02:23:06','2025-09-26 02:23:06',0);
/*!40000 ALTER TABLE `user_recharge_request` ENABLE KEYS */;
UNLOCK TABLES;
/*!40103 SET TIME_ZONE=@OLD_TIME_ZONE */;

/*!40101 SET SQL_MODE=@OLD_SQL_MODE */;
/*!40014 SET FOREIGN_KEY_CHECKS=@OLD_FOREIGN_KEY_CHECKS */;
/*!40014 SET UNIQUE_CHECKS=@OLD_UNIQUE_CHECKS */;
/*!40101 SET CHARACTER_SET_CLIENT=@OLD_CHARACTER_SET_CLIENT */;
/*!40101 SET CHARACTER_SET_RESULTS=@OLD_CHARACTER_SET_RESULTS */;
/*!40101 SET COLLATION_CONNECTION=@OLD_COLLATION_CONNECTION */;
/*!40111 SET SQL_NOTES=@OLD_SQL_NOTES */;

-- Dump completed on 2025-09-26  2:31:44
